,tdis_tot,idis_tot,ener_tot,cost_tot,emis_tot,pele_tot,pgas_tot,pdih_tot,time_rat
2021-03-16,217.80327655127013,0,4.581054078423383,1.1612972088803286,0.7650360310967058,0.02058329085895505,,,0.00036251584250798037
