,tdis_tot,idis_tot,ener_tot,cost_tot,emis_tot,pele_tot,pgas_tot,pdih_tot,time_rat
2021-03-16,72.87796311314423,0,5.151084767155386,1.3057999884738922,0.8602311561149477,0.020900211436030713,,,0.00038566738912230607
