,tdis_tot,idis_tot,ener_tot,cost_tot,emis_tot,pele_tot,pgas_tot,pdih_tot,time_rat
2021-03-16,58.19140335187393,0,5.111590298251492,1.2957881406067542,0.8536355798079984,0.02094862490852555,,,0.00041546287318751574
