,tdis_tot,idis_tot,ener_tot,cost_tot,emis_tot,pele_tot,pgas_tot,pdih_tot,time_rat
2021-03-16,71.54285863419159,0,5.139222387377589,1.3027928752002225,0.8582501386920589,0.020274412919304496,,,0.00045077542354432303
