,tdis_tot,idis_tot,ener_tot,cost_tot,emis_tot,pele_tot,pgas_tot,pdih_tot,time_rat
2021-03-16,35.2435128122172,0,5.166784641608355,1.3097799066477211,0.8628530351485962,0.020463993809266265,,,0.00039498447686283814
