,tdis_tot,idis_tot,ener_tot,cost_tot,emis_tot,pele_tot,pgas_tot,pdih_tot,time_rat
2021-03-16,148.22910882010666,0,4.669227326693973,1.1836491273169245,0.7797609635578949,0.020659510109579098,,,0.0003794402956762618
