,tdis_tot,idis_tot,ener_tot,cost_tot,emis_tot,pele_tot,pgas_tot,pdih_tot,time_rat
2021-03-16,56.56849435203639,0,5.178033445392066,1.3126314784068915,0.8647315853804731,0.020655301609538976,,,0.0003849889597141264
