,tdis_tot,idis_tot,ener_tot,cost_tot,emis_tot,pele_tot,pgas_tot,pdih_tot,time_rat
2021-03-16,148.85497794392813,0,4.637677044285312,1.175651130726327,0.7744920663956469,0.020690545664470983,,,0.00040282079820978025
