{"tdis_tot": 52.58117411475253, "idis_tot": 0, "ener_tot": 17.86541238117193, "cost_tot": 4.528882038627062, "emis_tot": 2.9835238676556655, "pele_tot": 0.018976809455691395, "pgas_tot": null, "pdih_tot": null, "time_rat": 0.00042141320993141344}