,tdis_tot,idis_tot,ener_tot,cost_tot,emis_tot,pele_tot,pgas_tot,pdih_tot,time_rat
2021-03-16,69.40478266542401,0,5.117605381960474,1.297312964326981,0.8546400987873981,0.022001152485404442,,,0.0003852589342367326
