,tdis_tot,idis_tot,ener_tot,cost_tot,emis_tot,pele_tot,pgas_tot,pdih_tot,time_rat
2021-03-16,58.239690475709715,0,5.107595861608207,1.2947755509176837,0.8529685088885697,0.021735942086498046,,,0.00038403670926265076
