,tdis_tot,idis_tot,ener_tot,cost_tot,emis_tot,pele_tot,pgas_tot,pdih_tot,time_rat
2021-03-16,147.96949623409802,0,4.6954447451680945,1.1902952429001115,0.7841392724430738,0.02064040764466716,,,0.0003839294765121079
