{"tdis_tot": 22.019400118838192, "idis_tot": 0, "ener_tot": 6.141182357109497, "cost_tot": 1.5567897275272622, "emis_tot": 1.025577453637286, "pele_tot": 0.019248721487249983, "pgas_tot": null, "pdih_tot": null, "time_rat": 0.00040022591054876766}