,tdis_tot,idis_tot,ener_tot,cost_tot,emis_tot,pele_tot,pgas_tot,pdih_tot,time_rat
2021-03-16,148.93538103921196,0,4.704167703725782,1.1925065128944885,0.7855960065222076,0.020679646770475676,,,0.0003794399974387868
