,tdis_tot,idis_tot,ener_tot,cost_tot,emis_tot,pele_tot,pgas_tot,pdih_tot,time_rat
2021-03-16,60.74988256571818,0,5.260509063875213,1.3335390476923692,0.8785050136671605,0.021461157884968586,,,0.00038422257015238324
