,tdis_tot,idis_tot,ener_tot,cost_tot,emis_tot,pele_tot,pgas_tot,pdih_tot,time_rat
2021-03-16,146.65181821519295,0,4.802094309890063,1.2173309075571326,0.8019497497516428,0.020615754307282765,,,0.00042133879981508303
