,tdis_tot,idis_tot,ener_tot,cost_tot,emis_tot,pele_tot,pgas_tot,pdih_tot,time_rat
2021-03-16,59.467147055256795,0,5.171082880943372,1.3108695103191468,0.863570841117542,0.02160256847437155,,,0.00038452758586428613
