,tdis_tot,idis_tot,ener_tot,cost_tot,emis_tot,pele_tot,pgas_tot,pdih_tot,time_rat
2021-03-16,43.95460094860515,0,5.156414974835364,1.307151196120768,0.8611213007975075,0.02049543625968597,,,0.00018025298594323883
