,tdis_tot,idis_tot,ener_tot,cost_tot,emis_tot,pele_tot,pgas_tot,pdih_tot,time_rat
2021-03-16,45.100764241777426,0,5.192856479900313,1.316389117654732,0.8672070321433528,0.020512843396215466,,,0.00018209714041663507
