,tdis_tot,idis_tot,ener_tot,cost_tot,emis_tot,pele_tot,pgas_tot,pdih_tot,time_rat
2021-03-16,54.88573334554214,0,5.119432026194775,1.2977760186403784,0.8549451483745273,0.02118133049492768,,,0.00038340141735325245
