,tdis_tot,idis_tot,ener_tot,cost_tot,emis_tot,pele_tot,pgas_tot,pdih_tot,time_rat
2021-03-16,51.96132091485219,0,5.072825067302901,1.2859611545612872,0.8471617862395836,0.021269322185841343,,,0.00038554434854769654
