,tdis_tot,idis_tot,ener_tot,cost_tot,emis_tot,pele_tot,pgas_tot,pdih_tot,time_rat
2021-03-16,146.3385120377594,0,4.742330140474052,1.2021806906101744,0.7919691334591684,0.020616292016905517,,,0.0004470421067346103
