,tdis_tot,idis_tot,ener_tot,cost_tot,emis_tot,pele_tot,pgas_tot,pdih_tot,time_rat
2021-03-16,113.39981397791682,0,5.3420971571901665,1.3542216293477094,0.8921302252507571,0.0197584705003035,,,0.0003676170161646655
