,tdis_tot,idis_tot,ener_tot,cost_tot,emis_tot,pele_tot,pgas_tot,pdih_tot,time_rat
2021-03-16,33.676123138968336,0,5.3042694954340135,1.3446323170925247,0.8858130057374818,0.020491490853063555,,,0.0004009902781024795
