,tdis_tot,idis_tot,ener_tot,cost_tot,emis_tot,pele_tot,pgas_tot,pdih_tot,time_rat
2021-03-16,102.14184515056678,0,5.230375312689866,1.3259001417668828,0.8734726772192078,0.021238256655845344,,,0.00038372494454714845
